acta,producto,muestra,clasificacion,articulos,rotulado_frontal,marca,fecha_de_analisis,habilitacion_de_producto,vencimiento,lote,contenido_neto
128453,DULCE DE LECHE. Libre de gluten,775106,La muestra analizada no presenta particularidades desde el punto de vista quimico para los parametros analizados,,En condiciones,CONAPROLE,2026-06-15,1395/282,2027-03-02,L1 (6651),500 g
128454,AGUA MINERAL NATURAL SIN GAS,775101,La muestra analizada no presenta particularidades desde el punto de vista quimico para los parametros analizados,,En condiciones,ESENCIAL,2026-06-15,19726/3,2026-11-28,E:28/04/26 13:15,6.25 L
128454,AGUA MINERALIZADA SIN GAS,775098,Fuera de las condiciones reglamentarias,Resolución S/N/024 Reglamento NOrmativo de Productos RUNAEV. art. 1 y art. 9. el producto presenta su registro vencido desde el 8/2/26,En condiciones,VITALE,2026-06-15,485/130,2027-04-21,CS626MAY261254,1.75 L
128453,DULCE DE LECHE,775109,Fuera de las condiciones reglamentarias,Decreto 466/009 el resultado de humedad se encuentra levemente por encima del límite establecido y el resultado del contenido de grasas se encuentra por debajo del límite establecido tanto en el Decreto 466/009 como lo declarado en el registro vigente.,En condiciones,SUIZO,2026-06-15,8540/37,2026-08-10,03,900g
128458,SALSA POMAROLA,775104,Fuera de las condiciones reglamentarias,Res. S/N/024 art. 1 y art. 9 el producto presenta su registro vencido desde el 23/01/26,En condiciones,ODERICH,2026-06-15,8345/98,2027-11-30,CADOR 2 01:37,300g
128454,AGUA MINERAL CON GAS,775097,La muestra analizada no presenta particularidades desde el punto de vista quimico para los parametros analizados,,En condiciones,NIX,2026-06-15,18280/20,2027-03-18,L077 00:45,2 L
128453,DULCE DE LECHE LIBRE DE GLUTEN,775110,La muestra analizada no presenta particularidades desde el punto de vista quimico para los parametros analizados,,En condiciones,DOÑA ELVIRA,2026-06-15,7795/379,2026-08-28,28/08/26 T101,900 g
128458,SALSA DE TOMATES,775103,La muestra analizada no presenta particularidades desde el punto de vista quimico para los parametros analizados,RUNAEV 11862/3/02111045070005 vigente desde 28/5/25,En condiciones,PONTEVEDRA,2026-06-15,17779/121,2027-07-30,2304,340g
128453,DULCE DE LECHE LIBRE DE GLUTEN,775107,La muestra analizada no presenta particularidades desde el punto de vista quimico para los parametros analizados,,En condiciones,LOS NIETITOS,2026-06-15,7795/153,2026-11-09,09/11/2026 T22,400 g
128458,Salsa de tomate con albahaca sin azúcares agregados. Bajo en calorías. Libre de gluten.,775102,Fuera de las condiciones reglamentarias,"Decreto 117/006 art. 4 y 5 la información obligatoria. como la fecha de durción deberá presentarse en español. y en su lugar se indica ""jan/27"".",En condiciones,PREDILECTA,2026-06-15,12266/128,2027-01-31,155,300g
128453,Dulce de  leche,775105,La muestra analizada no presenta particularidades desde el punto de vista quimico para los parametros analizados,,En condiciones,PARMALAT,2026-06-15,25285/200,2026-10-10,100412,900 g
128454,AGUA MINERAL NATURAL SIN GAS,775099,La muestra analizada no presenta particularidades desde el punto de vista quimico para los parametros analizados,,En condiciones,NATIVA,2026-06-15,18280/1,2026-11-07,L041 22:38,1.65 L
128454,AGUA MINERAL SIN GAS,775100,La muestra analizada no presenta particularidades desde el punto de vista quimico para los parametros analizados,,En condiciones,EL DORADO,2026-06-15,19726/42,2026-12-22,E:22/05/26 10:26,6.25 L
128453,Dulce de leche libre de gluten,775108,La muestra analizada no presenta particularidades desde el punto de vista quimico para los parametros analizados,,En condiciones,LAPATAIA,2026-06-15,6859/71,2026-10-22,ABR009  22/10/26,475 g
128415,AGUA MINERAL NATURAL,775091,Fuera de las condiciones reglamentarias,Res. S/N/024 Reglamento NOrmativo de Productos RUNAEV. art. 1. el producto no presenta registro vigente. Decr. 117/006 art. 6.4 el producto no presenta identificación de origen,En condiciones,ACQUA PANNA,2026-06-09,No posee registro,2026-09-28,L5087087704,500 mL
128415,AGUA MINERAL NATURAL GASIFICADA,775092,Fuera de las condiciones reglamentarias,Res. S/N/024 Reglamento Normativo de Productos RUNAEV. art. 1 y art. 9. el registro se encuentra vencido desde 11/5/26,En condiciones,SANPELLEGRINO,2026-06-09,8529/111,2028-07-10,L6010087024,750 mL
128413,DULCE DE LECHE DIETÉTICO REDUCIDO EN CALORÍAS. SIN GLUTEN,775080,La muestra analizada no presenta particularidades desde el punto de vista quimico para los parametros analizados,,En condiciones,LA POSITIVA,2026-06-09,26236/56,2026-07-12,04309,420 G
128414,SALSA DE TOMATES MEDITERRÁNEA SIN GLUTEN,775088,La muestra analizada no presenta particularidades desde el punto de vista quimico para los parametros analizados,,En condiciones,PONTEVEDRA,2026-06-09,17779/111,2027-02-28,2711,340g
128415,AGUA MINERAL NATURAL LEVEMENTE GASIFICADA,775093,La muestra analizada no presenta particularidades desde el punto de vista quimico para los parametros analizados,,En condiciones,NATIVA,2026-06-09,18280/11,2027-05-11,L131 05:30,1.65 L
128414,SALSA A BASE DE TOMATE -TUCO-,775087,La muestra analizada no presenta particularidades desde el punto de vista quimico para los parametros analizados,,En condiciones,ARCOR,2026-06-09,No posee registro,2026-12-06,06/12/2026 SJ1 17:59 2,340g
128413,Dulce de leche,775079,La muestra analizada no presenta particularidades desde el punto de vista quimico para los parametros analizados,,En condiciones,EL SILENTE,2026-06-09,31936/1,2026-08-29,P 290426,420 g
128413,Dulce de Leche,775082,La muestra analizada no presenta particularidades desde el punto de vista quimico para los parametros analizados,,En condiciones,LA POSITIVA,2026-06-09,26236/24,2026-10-23,11308,420 g
128414,SALSA DE TOMATE CON ESPECIAS,775085,La muestra analizada no presenta particularidades desde el punto de vista quimico para los parametros analizados,,En condiciones,BARILLA,2026-06-09,9283/13017,2027-06-22,I34136735,400 g
128415,AGUA MINERAL CON GAS SODA,775095,La muestra analizada no presenta particularidades desde el punto de vista quimico para los parametros analizados,RUNAEV 8595/00/942 vigente desde 20/3/25,En condiciones,TIENDA INGLESA,2026-06-09,No posee registro,2026-10-13,E:13/04/26 15:04,2 L
128415,AGUA MINERAL SIN GAS,775094,La muestra analizada no presenta particularidades desde el punto de vista quimico para los parametros analizados,RUNAEV 12658/00/105 vigente desde 15/06/2026,En condiciones,EVIAN,2026-06-09,10748/105,2027-10-22,LRD 22/1025 16:15,1 L
128413,Dulce de leche libre de gluten. Sin TACC,775083,La muestra analizada no presenta particularidades desde el punto de vista quimico para los parametros analizados,,En condiciones,LA SERENISIMA,2026-06-09,19271/953,2027-01-20,26/03/26  B 102Q,400 g
128413,DULCE DE LECHE. LIBRE DE GLUTEN,775084,La muestra analizada no presenta particularidades desde el punto de vista quimico para los parametros analizados,,En condiciones,TIENDA INGLESA,2026-06-09,3106/95,2027-01-18,1 (6596),500 g
128415,AGUA MINERAL NATURAL CON GAS,775096,La muestra analizada no presenta particularidades desde el punto de vista quimico para los parametros analizados,,En condiciones,TIENDA INGLESA,2026-06-09,3106/940,2026-10-06,E: 06/0326 12:17,2 L
128414,SALSA A BASE DE TOMATES POMAROLA TRADICIONAL. LIBRE DE GLUTEN,775090,La muestra analizada no presenta particularidades desde el punto de vista quimico para los parametros analizados,,En condiciones,KNORR,2026-06-09,25538/416,2026-07-21,LKS 642V407:291,340g
128413,DULCE DE LECHE CON CREMA,775081,La muestra analizada no presenta particularidades desde el punto de vista quimico para los parametros analizados,El resultado de humedad de encuentra levemente por encima del límite establecido en el Decreto 466/009,En condiciones,TIENDA INGLESA PREMIUM,2026-06-09,3106/863,2026-10-20,20/04/26,440 g
128414,SALSA DE TOMATE CON ACEITUNAS VERDES Y NEGRAS LIBRE DE GLUTEN,775086,La muestra analizada no presenta particularidades desde el punto de vista quimico para los parametros analizados,,En condiciones,BARILLA,2026-06-09,9283/1341,2027-10-14,114226,400g
128412,Espinaca congelada cruda.,775074,La muestra analizada no presenta particularidades desde el punto de vista quimico para los parametros analizados,,En condiciones,HUERTA DEL ESTE,2026-05-28,1712/689,2028-03-02,7:57 260302,1 Kg
128412,CEBOLLA EN CUBOS CONGELADA. PRODUCTO CRUDO,775073,La muestra analizada no presenta particularidades desde el punto de vista quimico para los parametros analizados,,En condiciones,FRUTOS DEL MAIPO,2026-05-28,18092/245,2028-05-23,L23112025250613YC5,150 g
128412,FRUTILLA CRUDA CONGELADAS -FRIOMIX-,775077,La muestra analizada no presenta particularidades desde el punto de vista quimico para los parametros analizados,,En condiciones,SIN MARCA,2026-05-28,No posee registro,2027-11-03,25278-11 Elab 03/11/205,400 g
128412,BROCOLIS SUPERCONGELADOS. PRODUCTO CRUDO. LIBRE DE GLUTEN,775075,La muestra analizada no presenta particularidades desde el punto de vista quimico para los parametros analizados,,En condiciones,POLAR FOOD,2026-05-28,1395/1066,2027-09-15,LVV252581 14:04,1 Kg
128412,Brócoli supercongelado - Producto Crudo,775076,Fuera de las condiciones reglamentarias,Decreto 117/006 art. 6.4 identificación de origen. en el rótulo se visualizan 2 países de origen: Francia y Bélgica,En condiciones,ARDO,2026-05-28,9790/430,2027-10-14,107 01 5287,1000 g
128412,ESPINACA CORTADA EN PORCIONES CRUDA CONGELADA -FRIOMIX-,775078,Fuera de las condiciones reglamentarias,Res. S/N/024 Reglamento Normativo de Productos RUNAEV. art. 1. en el rótulo presenta un número de habilitación de la INtendencia de Maldonado que no se encuentra en RUNAEV,En condiciones,SIN MARCA,2026-05-28,No posee registro,2028-01-05,26007-8 Env 05/01/2026,500 g
128409,AGUA MINERAL CON GAS,775057,La muestra analizada no presenta particularidades desde el punto de vista quimico para los parametros analizados,Runaev 1329/2/1 vigente hasta 2030,En condiciones,ASENCIO,2026-05-26,25487/1,2026-12-21,4224 11DIC26,2 L
128411,DULCE DE LECHE DIETÉTICO REDUCIDO EN CALORÍAS. SIN GLUTEN,775068,La muestra analizada no presenta particularidades desde el punto de vista quimico para los parametros analizados,,En condiciones,LA POSITIVA,2026-05-26,26236/57,2026-10-14,13413,420 g
128411,DULCE DE LECHE CON CREMA,775070,La muestra analizada no presenta particularidades desde el punto de vista quimico para los parametros analizados,,En condiciones,CALCAR,2026-05-26,18357/5,2026-08-21,1,250 g
128409,AGUA MINERAL DEL ACUIFERO LITORAL SUR,775055,Fuera de las condiciones reglamentarias,"Decreto 117/006 art. 6.4. en el rótulo no se indica el Nº de habilitación del elaborador frente al MSP. en su lugar se indica ""en trámite""",En condiciones,ASENCIO,2026-05-26,No posee registro,2026-10-21,007,473 mL
128409,AGUA MINERAL DEL ACUIFERO LITORAL SUR CON GAS,775056,Fuera de las condiciones reglamentarias,"Decreto 117/006 art. 6.4. en el rótulo no se indica el Nº de habilitación del elaborador frente al MSP. en su lugar se indica ""en trámite""",En condiciones,ASENCIO,2026-05-26,No posee registro,2026-10-20,006,473 mL
128411,Dulce de leche - Libre de gluten,775069,La muestra analizada no presenta particularidades desde el punto de vista quimico para los parametros analizados,,En condiciones,CONAPROLE,2026-05-26,1395/347,2027-01-16,L6,500 g
128411,DULCE DE LECHE CON CREMA,775067,La muestra analizada no presenta particularidades desde el punto de vista quimico para los parametros analizados,,En condiciones,CONAPROLE,2026-05-26,1395/16,2027-01-20,1,250 g
128409,AGUA MINERAL SIN GAS,775058,La muestra analizada no presenta particularidades desde el punto de vista quimico para los parametros analizados,Runaev 1329/2/2 vigente hasta 2030,En condiciones,ASENCIO,2026-05-26,25487/2,2026-11-03,4143 03NOV26,2 L
128411,Dulce de leche - Libre de gluten,775071,Fuera de las condiciones reglamentarias,Resolución S/N/024 Reglamento Normativo de Productos RUNAEV. art. 1 y art. 9. no se encuentra registro vigente para el producto. en la base de datos de RUNAEV figura el número 11897/2/04/313-55 vencido desde el 10/9/25. El valor de la grasa se encuentra por debajo del límite establecido para dulce de leche en el Decreto 466/009,En condiciones,PUERTO DEL SAUCE,2026-05-26,22654/81,2026-09-18,118409,900 g
128410,PULPA DE TOMATE CONCENTRADA LIBRE DE GLUTEN,775062,La muestra analizada no presenta particularidades desde el punto de vista quimico para los parametros analizados,,En condiciones,PEQUEÑA GRANJA,2026-05-26,8345/1253,2026-10-28,118,1Kg
128409,AGUA MINERAL NATURAL GASIFICADA,775060,La muestra analizada no presenta particularidades desde el punto de vista quimico para los parametros analizados,,En condiciones,ESENCIAL,2026-05-26,19726/7,2026-10-13,E:13/04/26 13:14,2 L
128409,AGUA MINERALIZADA CON GAS,775059,Fuera de las condiciones reglamentarias,Res. S/N/024 Reglamento Normativo de productos RUNAEV. art. 1 y art. 9. el producto presenta su habilitación SRA vencida desde 8/4/26 y no se encuentra en base de datos RUNAEV.,En condiciones,MATUTINA,2026-05-26,19271/9,2026-08-30,L1 070226 1625,2.5 L
128410,PULPA DE TOMATE CONCENTRADA,775066,La muestra analizada no presenta particularidades desde el punto de vista quimico para los parametros analizados,,En condiciones,GOURMET,2026-05-26,750/150,2027-09-20,200326,1.030Kg
128410,PULPA DE TOMATE TAMIZADA,775063,Fuera de las condiciones reglamentarias,Res. S/N/024. art. 1 y art. 9. el producto prsenta su registro vncido desde 23/05/26. Decreto 315/994 art. 20.4.30 y Decreto 32/005 (art. modificado 20.4.20) el producto declara en su rótulo un % de sólidos solubles de 7%. pero el establecido para la pulpa de tomate tamizada y el obtenido experimentalmente es menor,En condiciones,COLOLO,2026-05-26,6227/217,2026-08-26,057,1Kg
128410,Pulpa de tomate tamizada,775064,Fuera de las condiciones reglamentarias,RBN (Decreto 315/994) 20.4.20 artículo modificado por el Decreto 32/005. el producto no declara en su rótulo el contenido de sólidos solubles,En condiciones,BIG CHOICE,2026-05-26,18791/18791405,2027-04-25,26 156,1.020Kg
128411,Dulce de Leche,775072,La muestra analizada no presenta particularidades desde el punto de vista quimico para los parametros analizados,,En condiciones,LA POSITIVA,2026-05-26,26236/2,2026-11-09,12907,1 Kg
128410,PULPA DE TOMATE CONCENTRADA LIBRE DE GLUTEN,775065,La muestra analizada no presenta particularidades desde el punto de vista quimico para los parametros analizados,,En condiciones,RIGBY,2026-05-26,38/150,2027-08-20,051,1Kg
128410,PULPA DE TOMATES TAMIZADA,775061,Fuera de las condiciones reglamentarias,Reglamento Bromatológico Nacional art. 20.4.20 modificado por el Decreto 32/005. el producto no declara en su rótulo el contenido de sólidos solubles,En condiciones,QUALITA´S,2026-05-26,No posee registro,2026-11-30,2705009,1.020Kg
128402,Arvejas supercongeladas - Producto Crudo,775054,La muestra analizada no presenta particularidades desde el punto de vista quimico para los parametros analizados,,En condiciones,ARDO,2026-05-14,9790/326,2027-06-16,102025167 Prod16-06-2025,450 g
128402,ZANAHORIA RALLADA CRUDA,775049,Fuera de las condiciones reglamentarias,Resolución S/N/024 Reglamento Normativo de Productos RUNAEV. art. 1 y art. 9. el producto presenta su habilitación vencida desde octubre 2025. Decreto 117/006. art. 6.1. la marca que figura en el registro es Los Quinteros y la marca que figura en el envase es Fisema,En condiciones,LOS QUINTEROS,2026-05-14,21687/2,2026-05-16,11/05/26 código 114,300 g
128402,MORRON ROJO EN CUBOS CONGELADO ¿ PRODUCTO CRUDO,775052,La muestra analizada no presenta particularidades desde el punto de vista quimico para los parametros analizados,,En condiciones,FLANDERS BEST,2026-05-14,18092/102,2027-10-13,L 5421 DD,0.45 Kg
128402,ZAPALLO EN CUBO CONGELADO CRUDO,775053,La muestra analizada no presenta particularidades desde el punto de vista quimico para los parametros analizados,,En condiciones,FRUTOS DEL MAIPO,2026-05-14,18092/136,2028-05-05,281659 103 11:09,350 g
128402,CHOCLO EN GRANO SUPERCONGELADO -Producto Crudo,775050,La muestra analizada no presenta particularidades desde el punto de vista quimico para los parametros analizados,,En condiciones,MCCAIN,2026-05-14,7591/504,2027-10-22,10202529522-10-2025,500 g
128402,CEBOLLA EN CUBOS CONGELADA ¿ PRODUCTO CRUDO,775051,La muestra analizada no presenta particularidades desde el punto de vista quimico para los parametros analizados,,En condiciones,FLANDERS BEST,2026-05-14,18092/100,2028-02-09,L6071DD,0.45 Kg
128349,AGUA MINERAL NATURAL,775032,Fuera de las condiciones reglamentarias,Resolución S/N/024 Reglamento Normativo de Productos RUNAEV. art. 1 y art. 9. el producto presenta su habilitación vencida desde 11/10/24 según base de datos RUNAEV,En condiciones,NATIVA SPORT,2026-05-13,18280/30,2026-11-22,L056 05:33,1 L
128350,Pulpa de tomate tamizada - Libre de gluten,775040,Fuera de las condiciones reglamentarias,Res S/N/024 Reglamento Normativo de Productos RUNAEV. art. 1 y art. 9. el producto presenta su registro vencido desde 22/01/26,En condiciones,YOLY,2026-05-13,38/127,2027-07-30,030,1Kg
128349,AGUA MINERAL NATURAL CON GAS,775034,La muestra analizada no presenta particularidades desde el punto de vista quimico para los parametros analizados,,En condiciones,NATIVA,2026-05-13,18280/2,2026-08-04,L2165 16:16,600 mL
128349,AGUA MINERAL CON GAS,775036,La muestra analizada no presenta particularidades desde el punto de vista quimico para los parametros analizados,,En condiciones,SALUS,2026-05-13,10748/10,2026-08-30,60902261914812,600 mL
128401,DULCE DE LECHE,775044,Fuera de las condiciones reglamentarias,Resolución S/N/024 Reglamento Normativo de Productos RUNAEV. art. 1. el producto presenta en el rótulo un número de habilitación /SRA 4463/2930) que no fue finalizado por comienzo de RUNAEV y no se encuentra un registro vigente del producto en RUNAEV,En condiciones,FRESH MARKET SELECTION,2026-05-13,No posee registro,2026-12-05,051204,800 g
128401,Dulce de leche Libre de gluten,775048,La muestra analizada no presenta particularidades desde el punto de vista quimico para los parametros analizados,,En condiciones,COLONIAL,2026-05-13,22654/49,2026-10-23,230404,250 g
128350,PULPA DE TOMATE TAMIZADA,775041,Fuera de las condiciones reglamentarias,Res. S/N/024 Reglamento Normativo de Productos RUNAEV. art. 1 y art. 9. el producto presenta su registro vencido desde 26/04/26,En condiciones,DE LEY,2026-05-13,750/158,2027-10-01,010426,1.020 Kg
128349,AGUA MINERAL SIN GAS,775035,La muestra analizada no presenta particularidades desde el punto de vista quimico para los parametros analizados,,En condiciones,SALUS,2026-05-13,10748/11,2027-05-30,62103261100323,600 mL
128349,AGUA MINERALIZADA CON GAS,775033,Fuera de las condiciones reglamentarias,Resolución S/N/024 Reglamento Normativo de Productos RUNAEV. art. 1 y art. 9. el producto presenta su habilitación vencida desde 8/2/26 (SRA 485/129. RUNAEV 850/1/485/129),En condiciones,VITALE,2026-05-13,485/129,2026-07-05,CS606ABR262051PCR,625 mL
128350,PULPA DE TOMATE CONCENTRADA,775039,Fuera de las condiciones reglamentarias,Decreto 32/005. art. 1. no se declara en el rótulo el % de sólidos solubles naturales del tomate.,En condiciones,PONTEVEDRA,2026-05-13,17779/163,2027-08-30,1102001,1.030Kg
128401,DULCE DE LECHE,775043,La muestra analizada no presenta particularidades desde el punto de vista quimico para los parametros analizados,RUNAEV 8603/00/2182 vigente hasta 2030,En condiciones,PRECIO LÍDER,2026-05-13,4463/2182,2026-12-21,4,1 Kg
128401,DULCE DE LECHE DESLACTOSADO LIBRE DE GLUTEN,775046,La muestra analizada no presenta particularidades desde el punto de vista quimico para los parametros analizados,,En condiciones,LOS NIETITOS,2026-05-13,7795/432,2026-08-01,01/08/26,500 G
128401,DULCE DE LECHE CON CREMA,775047,La muestra analizada no presenta particularidades desde el punto de vista quimico para los parametros analizados,,En condiciones,PEQUEÑA GRANJA,2026-05-13,8345/1759,2026-06-06,03,500 g
128350,PULPA DE TOMATE TAMIZADA,775037,La muestra analizada no presenta particularidades desde el punto de vista quimico para los parametros analizados,,En condiciones,PRECIO LÍDER,2026-05-13,4463/1779,2027-06-15,L 151225,1.020kg
128350,PULPA DE TOMATE CONCENTRADA LIBRE DE GLUTEN,775042,La muestra analizada no presenta particularidades desde el punto de vista quimico para los parametros analizados,,En condiciones,MORIXE,2026-05-13,38/368,2027-09-19,078,1 Kg
128349,AGUA MINERALIZADA SIN GAS,775031,Fuera de las condiciones reglamentarias,Resolución S/N/024 Reglamento Normativo de Productos RUNAEV. art. 1 y art. 9. el producto presenta su registro vencido desde 8/4/26,En condiciones,MATUTINA,2026-05-13,19271/10,2027-03-30,L1 050326 1551,2.5 L
128350,PULPA DE TOMATE TAMIZADA SIN GLUTEN,775038,La muestra analizada no presenta particularidades desde el punto de vista quimico para los parametros analizados,,En condiciones,PONTEVEDRA,2026-05-13,17779/166,2027-09-30,2003003,1.020Kg
128401,Dulce de leche - Libre de gluten,775045,Fuera de las condiciones reglamentarias,Resolución S/N/024 Reglamento Normativo de Productos RUNAEV. art. 1 y art. 9. el producto presenta su registro vencido desde 14/5/26,En condiciones,JUANA LA LOCA,2026-05-13,22654/233,2027-04-09,090401,440 g
128348,CEBOLLA CRUDA CONGELADA EN CUBOS,775029,La muestra analizada no presenta particularidades desde el punto de vista quimico para los parametros analizados,,En condiciones,ALTAMAR,2026-04-29,No posee registro,2027-12-22,251336 22/12/2025,1 Kg
128346,PASTA DE SÉMOLA DE TRIGO DURO,775017,La muestra analizada no presenta particularidades desde el punto de vista quimico para los parametros analizados,,En condiciones,REGGIA,2026-04-29,4817/1713,2027-06-01,26032026,500g
128347,CREMA DE LECHE PASTEURIZADA SIN GLUTEN,775024,La muestra analizada no presenta particularidades desde el punto de vista quimico para los parametros analizados,,En condiciones,FARMING,2026-04-29,17977/78,2026-05-17,6077.0101,500 ml
128345,HARINA DE TRIGO 000 ¿ TIPO B. FORTIFICADA CON FUMARATO FERROSO Y ÁCIDO FÓLICO,775013,Fuera de las condiciones reglamentarias,Res. S/N/024 Reglamento Normativo de Productos RUNAEV. art. 1 y art. 9. el producto presenta su registro vencido,En condiciones,BLANCA,2026-04-29,5866/95,2027-03-24,24/3,1 Kg
128348,ACELGA  CONGELADA CRUDA,775025,La muestra analizada no presenta particularidades desde el punto de vista quimico para los parametros analizados,,En condiciones,HOMI,2026-04-29,24083/266,2027-09-05,L5248VC07:49 05/09/2025,1 Kg
128345,Harina de trigo fortificada con hierro y acido fólico tipo 0000,775014,La muestra analizada no presenta particularidades desde el punto de vista quimico para los parametros analizados,,En condiciones,PURITAS,2026-04-29,1403/1011,2026-12-31,L1225,1 Kg
128345,Harina de trigo tipo 0000 fortificada con hierro y ácido fólico,775012,La muestra analizada no presenta particularidades desde el punto de vista quimico para los parametros analizados,,En condiciones,HARINÍSIMA PRIMOR,2026-04-29,10422/68,2026-09-06,L 06/03/26 8 07:00:51,1 Kg
128347,Crema de leche - Producto libre de gluten,775023,La muestra analizada no presenta particularidades desde el punto de vista quimico para los parametros analizados,,En condiciones,CLALDY,2026-04-29,2452/30,2026-05-18,18/05/26,500 ml
128345,HARINA DE TRIGO TIPO 0000 FORTIFICADO CON HIERRO Y ACIDO FOLICO,775010,Fuera de las condiciones reglamentarias,Res. S/N/024 Reglamento Normativo de Productos RUNAEV. art. 1 y art. 9. el producto presenta su registro vencido desde 30/11/25,En condiciones,DEMAS,2026-04-29,2877/32,2027-01-21,2103 11:03:03 Nº16133,1 Kg
128348,Morrón rojo picada congelado - producto crudo,775026,La muestra analizada no presenta particularidades desde el punto de vista quimico para los parametros analizados,,En condiciones,FROSUR,2026-04-29,9790/671,2027-10-16,251010 16/10/2025,1 Kg
128346,PASTA SECA CON HUEVO,775016,La muestra analizada no presenta particularidades desde el punto de vista quimico para los parametros analizados,,En condiciones,EPIDOR,2026-04-29,736/7,2027-11-12,461120,400g
128345,HARINA DE TRIGO FORTIFICADA CON HIERRO Y ACIDO FOLICO TIPO 00,775009,Fuera de las condiciones reglamentarias,Res. S/N/024 Reglamento Normativo de Productos RUNAEV. art. 1 y art. 9. el producto presenta su registro vencido desde 30/11/25.,En condiciones,DEMÁS,2026-04-29,2877/31,2027-01-04,0403 13:46:25 Nº26988,1 Kg
128348,ESPARRAGO CRUDO CONGELADO,775030,La muestra analizada no presenta particularidades desde el punto de vista quimico para los parametros analizados,,En condiciones,MINUTO VERDE,2026-04-29,19972/256,2028-02-08,0000172352,350 g
128348,ZANAHORIA PELADA CRUDA CONGELADA,775028,Fuera de las condiciones reglamentarias,Decreto 117/006 Resolución GMC 26/03. Art.6.4.1. El producto no presenta número de registro impreso en el envase.,En condiciones,DAMACO,2026-04-29,24203/45,2027-12-10,L5344WG17:53,1000 g
128346,FIDEOS SEMOLADOS- VARIOS FORMATOS,775019,La muestra analizada no presenta particularidades desde el punto de vista quimico para los parametros analizados,,En condiciones,DEMAS,2026-04-29,3052/33,2027-01-19,3M1 16:16D1,500g
128345,Harina de trigo 00 fortificada con hierro y ácido fólico,775011,La muestra analizada no presenta particularidades desde el punto de vista quimico para los parametros analizados,,En condiciones,HARINÍSIMA CONDESA,2026-04-29,10422/13,2026-05-17,L 17/11/25 8 18:08:27,1 Kg
128347,MANTECA CON SAL,775022,La muestra analizada no presenta particularidades desde el punto de vista quimico para los parametros analizados,,En condiciones,CLALDY,2026-04-29,2452/35,2026-08-02,J04H04,200 g
128347,Manteca,775021,Fuera de las condiciones reglamentarias,Res. S/N/024 Reglamento Normativo de Productos RUNAEV. art. 12. el Nº de SRA que figura en el rótulo del producto (34424/01) pertenece a un producto con otra presentación y material de envase. Decreto 418/997 art. 4.2.2.1 los valores de acidez y humedad se encuentran por encima del límite,En condiciones,MILKCREAM,2026-04-29,34424/1,2026-06-30,1,1 Kg
128346,PASTA DE SEMOLA DE TRIGO DURO- FUSILLI  Nº 48,775015,Fuera de las condiciones reglamentarias,Res. S/N/024 Reglamento Normativo de Productos RUNAEV. art.1 y art. 9. el producto no cuenta con registro vigente y el Nº que figura en el rótulo (7664/400) no se encuentra en la base de datos,En condiciones,SIN MARCA,2026-04-29,No posee registro,2026-05-07,5127RDN,500g
128346,PASTA DE SÉMOLA DE TRIGO DURO(ELICOIDALI. PENNE RIGATE. SPAGHETTI Nº5. FARFALLE,775018,Fuera de las condiciones reglamentarias,REs. S/N/024 Reglamento Normativo de Productos RUNAEV. art. 1 y art. 9. el registro del producto se encuentra vencido desde 8/5/22,En condiciones,MAZZA,2026-04-29,7664/170,2028-07-01,25182,500g
128346,Pastas secas al huevo (formas diversas),775020,La muestra analizada no presenta particularidades desde el punto de vista quimico para los parametros analizados,,En condiciones,MARCOPOLO,2026-04-29,22124/2,27-08-14,180825,500g
128348,BONIATOS CORTADOS EN CUBOS CRUDOS CONGELADOS,775027,Fuera de las condiciones reglamentarias,Decreto 117/006 Resolución GMC 26/03 Art.6.4.1.El producto no presenta número de habiliación impreso en el envase.,En condiciones,ALTAMAR,2026-04-29,No posee registro,2026-09-26,24583,1 Kg
128344,ACELGA EN HOJAS CONGELADA ¿ PRODUCTO CRUDO,775005,La muestra analizada no presenta particularidades desde el punto de vista quimico para los parametros analizados,,En condiciones,FLANDERS BEST,2026-04-23,18092/98,2027-10-14,L 5422DD,450 g
128344,Brocoli supercongelado libre de gluten - producto crudo,775006,La muestra analizada no presenta particularidades desde el punto de vista quimico para los parametros analizados,,En condiciones,MCCAIN,2026-04-23,7591/462,2027-08-20,107 015232 20/08/2025,500 g
128343,Crema U.A.T. adicionada de vitamina A y E Libre de gluten Sin T.A.C.C.,775002,Fuera de las condiciones reglamentarias,Resolución S/N/024 Reglamento Normativo de Productos RUNAEV. art. 1 y art. 9. el producto no cuenta con registro vigente. Este informe sustituye el emitido el 19/05/2026.,En condiciones,LA SERENISIMA,2026-04-23,19271/754,2026-05-15,15/05/26 hr 15:14,200 ml
128344,Espinaca picada supercongelada -Producto Crudo,775008,La muestra analizada no presenta particularidades desde el punto de vista quimico para los parametros analizados,,En condiciones,MCCAIN,2026-04-23,7591/568,2027-10-06,108015279 06/10/2025,500 g
128343,CREMA DE LECHE UHT. LIBRE DE GLUTEN,774999,La muestra analizada no presenta particularidades desde el punto de vista quimico para los parametros analizados,,En condiciones,CONAPROLE,2026-04-23,1395/113,2026-07-25,260725U1  13:40,250 ml
128342,FIDEOS SECOS DE SÉMOLA DE TRIGO CANDEAL,774992,La muestra analizada no presenta particularidades desde el punto de vista quimico para los parametros analizados,,En condiciones,ARCOR,2026-04-23,1409/8886,2027-12-18,35225pc2 07:03,500g
128341,HARINA DE TRIGO TIPO 0000 FORTIFICADA CON HIERRO Y ÁCIDO FÓLICO,774990,La muestra analizada no presenta particularidades desde el punto de vista quimico para los parametros analizados,,En condiciones,SUPREMA,2026-04-23,32321/24,2026-12-10,10/04/2026 17:48,1 Kg
128341,HARINA DE TRIGO TIPO 00 FORTIFICADA CON HIERRO Y ACIDO FÓLICO,774988,La muestra analizada no presenta particularidades desde el punto de vista quimico para los parametros analizados,,En condiciones,SUPREMA,2026-04-23,32321/25,2026-08-06,06/12/2025 10:25,1 Kg
128341,HARINA DE TRIGO LEUDANTE,774985,Fuera de las condiciones reglamentarias,Res. S/N/024 Reglamento Normativo de Productos RUNAEV. Art. 1. el Nº de registro que figura en el rótulo (4463/2847) pertenece a otro producto. El producto muestreado no cuenta con registro vigente según base de datos RUNAEV,En condiciones,PRECIO LÍDER,2026-04-23,No posee registro,2026-06-04,0406 12:23 Nº11035,1 Kg
128342,PASTA DE SEMOLA DE TRIGO DURO,774991,Fuera de las condiciones reglamentarias,Res. S/N/024 Reglamento Normativo de Productos RUNAEV. art. 1 y art. 9. el producto presenta su registro vencido desde el 8/3/26,En condiciones,DE CECCO,2026-04-23,11913/1947,2028-05-06,00125126 FL13,500g
128342,PASTA SECA LAMINADA AL HUEVO (formas diversas),774994,La muestra analizada no presenta particularidades desde el punto de vista quimico para los parametros analizados,,En condiciones,DON GUSTO,2026-04-23,1403/46,2027-09-30,182042L0,400g
128341,HARINA DE TRIGO TIPO 0000 FORTIFICADA CON HIERRO Y ÁCIDO FÓLICO,774989,La muestra analizada no presenta particularidades desde el punto de vista quimico para los parametros analizados,,En condiciones,VILLA BLANCA,2026-04-23,32321/6,2026-11-24,24/03/2026,1 Kg
128344,ESPINACA TRITURADA CONGELADA ¿ PRODUCTO CRUDO,775003,Fuera de las condiciones reglamentarias,Res. S/N/024 Reglamento Normativo de Productos RUNAEV. art. 1. el producto no presenta Nº registro en el rótulo. Decreto 117/006 no presenta en el rótulo información obligatoria en español como la identificación de origen. no utiliza una expresión válida para la fecha de duración.,En condiciones,FLANDERS,2026-04-23,18092/90,2027-10-31,L5445DD,0.45 Kg
128344,CHAUCHAS CORTADAS CONGELADAS ¿ PRODUCTO CRUDO,775004,La muestra analizada no presenta particularidades desde el punto de vista quimico para los parametros analizados,,En condiciones,FLANDERS BEST,2026-04-23,18092/88,2026-10-21,L4431DD,0.45 Kg
128343,CREMA DE LECHE - LIBRE DE GLUTEN,775001,La muestra analizada no presenta particularidades desde el punto de vista quimico para los parametros analizados,,En condiciones,GRANJA POCHA,2026-04-23,22654/14,2026-05-15,P 26.031,250 ml
128342,FIDEOS SECOS- TALLARINES ORGÁNICOS,774993,Fuera de las condiciones reglamentarias,Res. S/N/024 Reglamento Normativo de Productos RUNAEV. art. 1. el producto presenta en el rótulo un número de registro (IM SRA 8345/1659) que no se encuentra en la base de datos. Decreto 130/006 art. 13. en la lista de ingredientes no se especifican los nutrimentos de la fortificación de la harina.,En condiciones,CAMPO CLARO,2026-04-23,No posee registro,2026-11-05,251105,500g
128341,HARINA DE TRIGO 0000 FORTIFICADA CON HIERRO Y ÁCIDO FÓLICO,774986,La muestra analizada no presenta particularidades desde el punto de vista quimico para los parametros analizados,,En condiciones,PRECIO LÍDER,2026-04-23,4463/861,2027-01-19,1903 13:00:01 Nº5761,1 Kg
128344,CHAUCHAS SUPERCONGELADAS LIBRE DE GLUTEN - PRODUCTO CRUDO,775007,La muestra analizada no presenta particularidades desde el punto de vista quimico para los parametros analizados,,En condiciones,MCCAIN,2026-04-23,7591/464,2027-10-03,111015276  03/10/2025,500 g
128343,Crema de leche ultra pasteurizada. 38% de materia grasa,775000,La muestra analizada no presenta particularidades desde el punto de vista quimico para los parametros analizados,,En condiciones,CONAPROLE,2026-04-23,1395/424,2026-05-04,260504 D65,500 ml
128341,HARINA DE TRIGO TIPO 0000 FORTIFICADA CON HIERRO Y ÁCIDO FÓLICO,774987,La muestra analizada no presenta particularidades desde el punto de vista quimico para los parametros analizados,,En condiciones,URUGUAY,2026-04-23,10422/34,2026-08-26,L26022026 10 11:28:09,1 Kg
128343,MANTECA,774998,La muestra analizada no presenta particularidades desde el punto de vista quimico para los parametros analizados,,En condiciones,PRECIO LÍDER,2026-04-23,4463/2236,2026-07-22,22/01/2026  6520-A1,200 g
128342,PASTA SECA DE SÉMOLA DE TRIGO DURO,774995,La muestra analizada no presenta particularidades desde el punto de vista quimico para los parametros analizados,,En condiciones,LA MOLISANA,2026-04-23,4463/2262,2028-09-21,5264ML23,500g
128343,MANTECA - PRODUCTO LIBRE DE GLUTEN,774997,La muestra analizada no presenta particularidades desde el punto de vista quimico para los parametros analizados,,En condiciones,CLALDY,2026-04-23,2452/157,2026-07-19,J21G027,200 g
128342,PASTA SECA DE SEMOLA DE TRIGO DURO INTEGRAL,774996,La muestra analizada no presenta particularidades desde el punto de vista quimico para los parametros analizados,,En condiciones,LA MOLISANA,2026-04-23,4463/2446,2028-05-12,5132MGM,500g
128339,PASTA DE SÉMOLA DE TRIGO DURO,774983,La muestra analizada no presenta particularidades desde el punto de vista quimico para los parametros analizados,,En condiciones,AGNESI,2026-04-17,11913/1550,2027-05-16,L145136 601 16:43,500g
128339,PASTA ALIMENTICIA SECA DE SÉMOLA DE TRIGO DURO INTEGRAL FUENTE DE FIBRA,774982,La muestra analizada no presenta particularidades desde el punto de vista quimico para los parametros analizados,,En condiciones,BARILLA,2026-04-17,9283/1317,2027-02-01,l 13426375 (F) 05:08 (W),500g
128339,PASTA SECA CON HUEVOS,774981,La muestra analizada no presenta particularidades desde el punto de vista quimico para los parametros analizados,,En condiciones,LAS ACACIAS,2026-04-17,736/1,2027-07-22,30 11 12:37:00,500g
128339,PASTA DE SEMOLA DE TRIGO DURO VARIAS FORMAS (SPAGHETTI. SPAGHETTINI. LINGUINE. VERMICELLI. FETTUCINE. PENNE RIGATE. FARFALLE. RIGATONI. FUSILLI. ELICOIDALI. GNOCCHI. DITALI. PATERNOSTRI),774984,La muestra analizada no presenta particularidades desde el punto de vista quimico para los parametros analizados,,En condiciones,DIVELLA,2026-04-17,8529/90,2027-12-31,31/12/2027,500g
128339,PASTA SECA DE SEMOLA DE TRIGO DURO Y HARINA INTEGRAL,774980,La muestra analizada no presenta particularidades desde el punto de vista quimico para los parametros analizados,,En condiciones,LAS ACACIAS,2026-04-17,736/22,28-04-08,15 11 02:31,400g
128337,ANANÁ,774970,La muestra analizada no presenta particularidades desde el punto de vista quimico para los parametros analizados,,En condiciones,TIENDA INGLESA,2026-04-14,3106/898,2026-04-16,6101,230 g
128338,HARINA DE TRIGO 0000 ENRIQUECIDA CON HIERRO Y ÁCIDO FÓLICO,774974,La muestra analizada no presenta particularidades desde el punto de vista quimico para los parametros analizados,,En condiciones,ADRIA,2026-04-14,3052/23,2026-11-03,TB 10 H10:24:42,1 kg
128338,HARINA INTEGRAL,774978,La muestra analizada no presenta particularidades desde el punto de vista quimico para los parametros analizados,,En condiciones,CAÑUELAS,2026-04-14,2877/161,2026-08-20,(1) C (04:16) L:04,1 kg
128338,HARINA DE TRIGO LEUDANTE FORTIFICADA CON HIERRO Y ACIDO FOLICO,774976,La muestra analizada no presenta particularidades desde el punto de vista quimico para los parametros analizados,,En condiciones,TIENDA INGLESA,2026-04-14,3106/862,2026-11-14,1401 23:04:49 Nº2741,1kg
128336,Manteca sin sal - Libre de gluten,774962,La muestra analizada no presenta particularidades desde el punto de vista quimico para los parametros analizados,,En condiciones,CONAPROLE,2026-04-14,1395/22,2026-10-15,15/01/2026  65 13 - A2,200 g
128337,BROCOLI- PRODUCTO CRUDO- PRODUCTO CONGELADO,774973,La muestra analizada no presenta particularidades desde el punto de vista quimico para los parametros analizados,,En condiciones,BUFFET,2026-04-14,941/10057,2027-03-21,8080,400 g
128336,MANTECA CALIDAD EXTRA CON SAL LIBRE DE GLUTEN,774967,Fuera de las condiciones reglamentarias,Res. S/N/024 Reglamento Normativo de Productos RUNAEV. art. 1 y art. 9. el producto presenta su habilitación vencida desde 8/4/26. Decr. 117/006. MERCOSUR/GMC/RES. Nº46/03. Decr. 34/021. existe una inconsistencia entre lo que se declara en la lista de ingredientes (sal). la tabla nutricional (sodio 0 mg) y el rotulado frontal (octógono de exceso de sodio).,En condiciones,PRESIDENT,2026-04-14,25285/248,2026-04-21,22/11/25,200 g
128338,HARINA DE TRIGO TIPO 00 FORTIFICADA CON HIERRO Y ACIDO FOLICO,774979,Fuera de las condiciones reglamentarias,Decreto 323/995. el valor de cenizas supera el límite máximo establecido para harina de trigo tipo 00.,En condiciones,VALLE DEL SOL,2026-04-14,3106/910,2026-12-07,0702 Nº17696 11:27:08,1kg
128337,Repollo blanco cortado,774968,La muestra analizada no presenta particularidades desde el punto de vista quimico para los parametros analizados,,En condiciones,GRANJA BALOCCO,2026-04-14,1260/17,2026-04-15,ENV 12 04 26,150 g
128338,HARINA DE TRIGO -TIPO 0000- ENRIQUECIDA CON HIERRO Y ÁCIDO FOLICO,774977,La muestra analizada no presenta particularidades desde el punto de vista quimico para los parametros analizados,,En condiciones,TIENDA INGLESA,2026-04-14,3106/650,26-09-19,L200 32026 10 22:25:08,1kg
128336,Manteca con sal. Libre de gluten,774963,La muestra analizada no presenta particularidades desde el punto de vista quimico para los parametros analizados,,En condiciones,CONAPROLE,2026-04-14,1395/23,2026-11-23,23/02/2026 6552 - A4,100 g
128337,CHOCLO EN GRANO - PRODUCTO CONGELADO-PRODUCTO CRUDO,774972,La muestra analizada no presenta particularidades desde el punto de vista quimico para los parametros analizados,,En condiciones,BUFFET,2026-04-14,941/10023,2026-07-29,5210,500 g
128338,Harina de trigo 000 enriquecida con hierro y ácido fólico,774975,La muestra analizada no presenta particularidades desde el punto de vista quimico para los parametros analizados,,En condiciones,HARINÍSIMA PRIMOROSA,2026-04-14,10422/70,2026-07-17,L 17012026 10 17:20:57,1 kg
128336,MANTECA CON SAL. SIN GLUTEN,774965,La muestra analizada no presenta particularidades desde el punto de vista quimico para los parametros analizados,,En condiciones,TIENDA INGLESA,2026-04-14,3106/1012,2026-07-20,20/01/202506518 - A2,200 g
128336,MANTECA EXTRA SIN SAL. LIBRE DE GLUTEN,774964,La muestra analizada no presenta particularidades desde el punto de vista quimico para los parametros analizados,,En condiciones,TIENDA INGLESA,2026-04-14,3106/96,2026-07-22,23/01/2026  6521 - A3,200 g
128337,MELÓN EN CUBOS,774971,La muestra analizada no presenta particularidades desde el punto de vista quimico para los parametros analizados,,En condiciones,TIENDA INGLESA,2026-04-14,No posee registro,2026-04-16,6102,230 g
128336,Manteca calidad extra Libre de gluten Sin T.A.C.C.,774966,La muestra analizada no presenta particularidades desde el punto de vista quimico para los parametros analizados,,En condiciones,LA SERENISIMA,2026-04-14,19271/859,2026-08-11,11/08/26 A,200 g
128337,PUERRO (CORTADO),774969,La muestra analizada no presenta particularidades desde el punto de vista quimico para los parametros analizados,,En condiciones,GRANJA BALOCCO,2026-04-14,1260/16,2026-04-15,12 04 26,250 g
128335,BONIATO,774958,La muestra analizada no presenta particularidades desde el punto de vista quimico para los parametros analizados,,En condiciones,-,2026-04-08,5328,2026-04-11,04/04/26,246 g
128334,FIDEOS SECOS,774953,Fuera de las condiciones reglamentarias,Res. S/N/024 Reglamento Normativo de Productos RUNAEV. art. 1 y 9. el producto presenta su habilitación vencida. Decr. 117/006 el producto no presenta denominación de venta (6.1),En condiciones,COLOLO,2026-04-08,6227/98,2026-12-17,08:02:40,500g
128333,Harina de trigo tipo 000 fortificada con hierro y ácido fólico.,774947,La muestra analizada no presenta particularidades desde el punto de vista quimico para los parametros analizados,,En condiciones,FARINEL,2026-04-08,2877/152,2026-12-18,1802 08:39:48 Nº11413,1kg
128335,CEBOLLA COLORADA,774959,Fuera de las condiciones reglamentarias,La muestra no cumple con lo dispuesto en la Res. S/N/024 Reglamento Normativo de Productos RUNAEV. Art. 1 dado que el producto no cuenta con registro vigente.,En condiciones,CLUB VERDE,2026-04-08,No posee registro,2026-04-11,06/04/26,350 g
128335,CALABACIN,774956,La muestra analizada no presenta particularidades desde el punto de vista quimico para los parametros analizados,,En condiciones,-,2026-04-08,5328,2026-04-15,08/04/26,460 g
128334,PASTA ALIMENTICIA DE SÉMOLA DE TRIGO DURO,774951,La muestra analizada no presenta particularidades desde el punto de vista quimico para los parametros analizados,,En condiciones,BARILLA,2026-04-08,9283/661,2028-02-19,12135855,500g
128335,ZUCCHINI FRESCO,774961,La muestra analizada no presenta particularidades desde el punto de vista quimico para los parametros analizados,,En condiciones,-,2026-04-08,5328,2026-04-09,07/04/20206,400 g
128333,HARINA DE TRIGO TIPO (0000) FORTIFICADA CON HIERRO Y ÁCIDO FÓLICO,774948,La muestra analizada no presenta particularidades desde el punto de vista quimico para los parametros analizados,,En condiciones,COLOLO,2026-04-08,6227/110,2026-09-10,L 100 12026 8 15:14:14,1 kg
128334,FIDEOS AL HUEVO EN FORMATOS: MOÑA. MOÑITA. FORATTI. VERMICELLI. MOSTACHOLES,774952,Fuera de las condiciones reglamentarias,Res. S/N/024 Reglamento Normativo de Productos RUNAEV. art. 1 y 9. el producto presenta su habilitación vencida. Decr. 117/006 el producto no presenta denominación de venta (6.1) ni identificación de origen (6.4.2),En condiciones,LA MARITTIMA,2026-04-08,3052/21,2026-10-31,1M1  03:42:25,500g
128333,HARINA 000 FORTIFICADA CON HIERRO Y ACIDO FOLICO,774949,Fuera de las condiciones reglamentarias,Res. S/N/024 Reglamento Normativo de Productos RUNAEV. art. 1 y art. 9. el producto presenta su registro vencido desde el 9/2/26.,En condiciones,CAÑUELAS,2026-04-08,2877/23,2026-10-23,2312 07:37:30 Nº2738,1kg
128334,FIDEOS SECOS,774955,Fuera de las condiciones reglamentarias,Res. S/N/024 Reglamento Normativo de Productos RUNAEV. art. 1 y 9. el producto presenta su habilitación vencida.,En condiciones,PRECIO LÍDER,2026-04-08,4463/1516,2027-10-03,40 11 13:50,500g
128333,HARINA TIPO 0,774944,La muestra analizada no presenta particularidades desde el punto de vista quimico para los parametros analizados,,En condiciones,PRECIO LÍDER,2026-04-08,4463/2687,2026-12-20,2002 23:15:44 Nº19876,1 Kg
128334,PASTA CON PICANTES SPAGHETTI,774954,La muestra analizada no presenta particularidades desde el punto de vista quimico para los parametros analizados,,En condiciones,ADRIA,2026-04-08,No posee registro,2027-02-13,6 M1 17:20:39,500g
128333,HARINA DE TRIGO TIPO 0000 FORTIFICADA CON HIERRO Y ÁCIDO FÓLICO,774946,La muestra analizada no presenta particularidades desde el punto de vista quimico para los parametros analizados,,En condiciones,BELZA,2026-04-08,32321/7,2026-11-06,06/03/2026 17:33,1 kg
128333,HARINA DE TRIGO TIPO 0 FORTIFICADA CON HIERRO Y ACIDO FOLICO,774945,Fuera de las condiciones reglamentarias,Res. S/N/024 Reglamento Normativo de Productos RUNAEV. art. 1 y art. 9. el producto presenta su registro vencido.,En condiciones,FORTIN,2026-04-08,2877/90,2026-12-11,1102 03:43:43 Nº 42376,1 Kg
128335,PAPAS,774957,La muestra analizada no presenta particularidades desde el punto de vista quimico para los parametros analizados,,En condiciones,-,2026-04-08,5328,2026-04-15,08/04/2026,320 g
128334,PASTA SECA,774950,La muestra analizada no presenta particularidades desde el punto de vista quimico para los parametros analizados,,En condiciones,LAS ACACIAS,2026-04-08,736/2,27-11-13,46 11 07:00,500g
128335,ZANAHORIA,774960,La muestra analizada no presenta particularidades desde el punto de vista quimico para los parametros analizados,,En condiciones,-,2026-04-08,5328,2026-04-10,08/04/26,400 g
128331,LECHE ENTERA UAT,774941,La muestra analizada no presenta particularidades desde el punto de vista quimico para los parametros analizados,,En condiciones,VALLE DEL SOL,2026-03-24,3106/1020,2026-06-11,130301 1.04.28.05,1L
128328,GALLETITAS DULCES A BASE DE HARINA DE TRIGO CON COCO. AVENA Y HARINAS DE AMARANTO. CEBADA. CENTENO. MIJO Y QUINOA,774928,La muestra analizada no presenta particularidades desde el punto de vista quimico para los parametros analizados,,En condiciones,GRANIX,2026-03-24,556/160,2026-06-18,L: 18/JUN/2026 CAV 21:03,140g
128330,Leche semidescremada UHT con cafè. 2.9% grasas totales. Libre de gluten.,774938,La muestra analizada no presenta particularidades desde el punto de vista quimico para los parametros analizados,,En condiciones,CONAPROLE,2026-03-24,1395/1349,2026-06-03,L062,250 ml
128330,BEBIDA LÁCTEA FERMENTADA REDUCIDA EN CALORÍAS SABOR DURAZNO,774939,La muestra analizada no presenta particularidades desde el punto de vista quimico para los parametros analizados,,En condiciones,CONAPROLE,2026-03-24,No posee registro,2026-04-19,L:260419B2,1 L
128328,Obleas  rellenas sabor chocolate,774931,Fuera de las condiciones reglamentarias,Res. S/N/024 Reglamento Normativo de Productos RUNAEV. art. 1 y art. 9. el producto presenta su registro vencido desde el 17/10/25,En condiciones,TIENDA INGLESA,2026-03-24,1435/42,2026-09-08,L:5342 08:33,140 g
128329,LECHE DESCREMADA UHT,774934,La muestra analizada no presenta particularidades desde el punto de vista quimico para los parametros analizados,,En condiciones,TIENDA INGLESA,2026-03-24,3106/15,2026-11-09,563982402 03 090226 071705,1L
128332,BEBIDA LÁCTEA CHOCOLATADA ULTRAPASTEURIZADA,774943,Fuera de las condiciones reglamentarias,Res. S/N/024 Reglamento Normativo de Productos RUNAEV. art. 1 y art. 9. el número de registro que figura en el rótulo del producto no se encuentra en la base de datos del RUNAEV.,En condiciones,VALLE DEL SOL,2026-03-24,No posee registro,2026-04-15,150101.1.01:07-48,1 L
128328,GALLETITAS DULCES CON CHIPS SABOR CHOCOLATE Y NARANJA,774930,La muestra analizada no presenta particularidades desde el punto de vista quimico para los parametros analizados,,En condiciones,OKEBON MOLINO NATURAL,2026-03-24,23893/2827,2026-12-02,5 336 11 18:39,238g
128330,BEBIDA LÁCTEA CHOCOLATADA SEMIDESCREMA UAT. LIBRE DE GLUTEN,774937,La muestra analizada no presenta particularidades desde el punto de vista quimico para los parametros analizados,,En condiciones,TIENDA INGLESA,2026-03-24,3106/697,2026-07-14,L014,250 ml
128331,LECHE SEMIDESCREMADA ULTRAPASTEURIZADA  EXTRA CALCIO,774942,La muestra analizada no presenta particularidades desde el punto de vista quimico para los parametros analizados,,En condiciones,CONAPROLE,2026-03-24,1395/482,2026-04-16,260416D41,1L
128329,LECHE ENTERA UHT,774935,La muestra analizada no presenta particularidades desde el punto de vista quimico para los parametros analizados,,En condiciones,TIENDA INGLESA,2026-03-24,3106/14,2026-09-29,559582403 08 291225 170000,1L
128331,LECHE DESCREMADA UAT,774940,La muestra analizada no presenta particularidades desde el punto de vista quimico para los parametros analizados,,En condiciones,VALLE DEL SOL,2026-03-24,3106/1019,2026-05-24,230201 1.20.31.58,1L
128328,GALLETA CON RELLENO SABOR CHOCOLATE,774929,La muestra analizada no presenta particularidades desde el punto de vista quimico para los parametros analizados,,En condiciones,GULLON,2026-03-24,4817/2579,2026-07-25,L 33911525 05:32,500g
128328,Galletitas con relleno sabor vainilla,774932,La muestra analizada no presenta particularidades desde el punto de vista quimico para los parametros analizados,,En condiciones,EL GORRIAGA,2026-03-24,3106/14771,2027-05-31,L250507 A5,180 g
128328,OBLEA DULCE SABOR CHOCOLATE CON RELLENO SABOR ARTIFICIAL A VAINILLA,774933,Fuera de las condiciones reglamentarias,Res. S/N/024 Reglamento Normativo de Productos RUNAEV. art. 1 el producto no cuenta con registro vigente,En condiciones,MARILAN,2026-03-24,No posee registro,2026-08-27,L:0825 (M),80 g
128326,LECHE ULTRAPASTEURIZADA DESCREMADA,774924,Fuera de las condiciones reglamentarias,Res. S/N/024 Reglamento Normativo de Productos RUNAEV. art. 1 y art. 9. el producto presenta el registro vencido desde el 3/11/25,En condiciones,CONAPROLE,2026-03-17,1395/217,2026-04-09,260409D44,1L
128326,LECHE ULTRAPASTEURIZADA SEMIDESCREMADA 85% REDUCIDA EN LACTOSA,774922,La muestra analizada no presenta particularidades desde el punto de vista quimico para los parametros analizados,,En condiciones,PARMALAT,2026-03-17,No posee registro,2026-04-24,050301.1 04.10,1L
128325,GALLETITAS DULCES CON CACAO CON RELLENO SABOR A VAINILLA,774915,La muestra analizada no presenta particularidades desde el punto de vista quimico para los parametros analizados,,En condiciones,OREO,2026-03-17,6828/1757,2026-04-22,20:10 M61,182.5g
128325,GALLETITAS DULCES,774916,La muestra analizada no presenta particularidades desde el punto de vista quimico para los parametros analizados,,En condiciones,FAMOSA,2026-03-17,6828/424,2026-07-24,L25324 09:16 S1D1,280g
128325,GALLETA CON RELLENO SABOR QUESO Y JALEA DE FRUTAS ROJAS,774919,Fuera de las condiciones reglamentarias,Res. S/N/024 Reglamento Normativo de Productos RUNAEV. art. 1 el Nº de registro que figura en el rótulo no se encuentra en la base de datos. el registro se encuentra en trámite en RUNAEV. Decr. 34/021 el producto no cuenta con octògonos de exceso de azúcar. grasas y grasas saturadas,En condiciones,ISABELA,2026-03-17,No posee registro,2026-09-17,LC 26025 B06 6 18:28,80g
128326,LECHE DESCREMADA ULTRAPASTEURIZADA,774921,La muestra analizada no presenta particularidades desde el punto de vista quimico para los parametros analizados,,En condiciones,TATA,2026-03-17,No posee registro,2026-05-24,230201.1.15:30:07,1L
128325,OBLEAS CON RELLENO SABOR VAINILLA CON CHIPS SABOR CHOCOLATE,774920,La muestra analizada no presenta particularidades desde el punto de vista quimico para los parametros analizados,,En condiciones,PORTEZUELO,2026-03-17,12/1140,2027-01-14,L 97366 20:48 3,80g
128327,Leche UAT seleccionada chocolatada parcialmente descremada homogeneizada adicionada con vitaminas A. B3. D y ácido fólico libre de gluten.,774927,La muestra analizada no presenta particularidades desde el punto de vista quimico para los parametros analizados,,En condiciones,CINDOR,2026-03-17,19271/148,2026-06-25,25/06/26,200 ml
128325,Galletitas sabor limón,774918,La muestra analizada no presenta particularidades desde el punto de vista quimico para los parametros analizados,,En condiciones,EL TRIGAL,2026-03-17,1435/62,2026-07-16,L: 5288 222,200g
128325,GALLETITA SABOR A  CHOCOLATE CON RELLENO SABOR A CHOCOLATE,774917,La muestra analizada no presenta particularidades desde el punto de vista quimico para los parametros analizados,,En condiciones,TA-TA,2026-03-17,1409/7070,2026-04-29,LCG 25184 17:02 2,120g
128327,Bebida Lactea chocolatada. Libre de Gluten,774926,La muestra analizada no presenta particularidades desde el punto de vista quimico para los parametros analizados,,En condiciones,CONAPROLE,2026-03-17,1395/1361,2026-03-29,T1 11:01,1 L
128327,BEBIDA LÁCTEA CHOCOLATADA ULTRAPASTEURIZADA,774925,La muestra analizada no presenta particularidades desde el punto de vista quimico para los parametros analizados,,En condiciones,PARMALAT,2026-03-17,No posee registro,2026-05-26,2602012,1 L
128326,LECHE FRESCA PASTEURIZADA ENTERA,774923,La muestra analizada no presenta particularidades desde el punto de vista quimico para los parametros analizados,,En condiciones,CONAPROLE,2026-03-17,1395/1,2026-03-20,212603131,1L
128318,BEBIDA LÁCTEA SABOR A CHOCOLATE -CHOCOLA-TITO-,774913,La muestra analizada no presenta particularidades desde el punto de vista quimico para los parametros analizados,,En condiciones,CALCAR,2026-03-06,No posee registro,2026-05-02,1 BB 15:26:08,1 L
128318,BEBIDA LÁCTEA FERMENTADA REDUCIDA EN CALORÍAS SABOR FRUTILLA,774912,La muestra analizada no presenta particularidades desde el punto de vista quimico para los parametros analizados,,En condiciones,CONAPROLE,2026-03-06,No posee registro,2026-04-05,260405B3,1 L
128317,GALLETITAS DULCES DE HOJALDRE,774906,La muestra analizada no presenta particularidades desde el punto de vista quimico para los parametros analizados,,En condiciones,HOJALMAR,2026-03-06,5429/1822,2026-09-29,300925,180g
128317,GALLETAS INTEGRALES DE CACAO Y AVENA,774904,Fuera de las condiciones reglamentarias,Res S/N/024 Reglamento Normativo de Productos RUNAEV. art. 1. el producto no presenta número de habilitación y registro en el rótulo y se encuentra en trámite en RUNAEV. Decr. 34/021 el producto no presenta octógonos de exceso de azúcares totales ni grasas totales,En condiciones,RENATA,2026-03-06,No posee registro,27-01-12,4.2S20,150g
128317,OBLEA CON RELLENO SABOR LIMÓN,774907,La muestra analizada no presenta particularidades desde el punto de vista quimico para los parametros analizados,,En condiciones,LAS ACACIAS,2026-03-06,No posee registro,26-09-03,R24725w01 1 02:18,100g
128318,LECHE CHOCOLATADA LIBRE DE GLUTEN,774911,Fuera de las condiciones reglamentarias,El producto no cumple con lo dispuesto en el Decr. 426/022. art. 16.2.7.1. en la denominación del producto no se declara el contenido graso.,En condiciones,TALAR,2026-03-06,24046/67,2026-06-19,260403  14:01,1 L
128318,Leche UAT seleccionada chocolatada parcialmente descremada homogeneizada sabor mocha libre de gluten,774914,La muestra analizada no presenta particularidades desde el punto de vista quimico para los parametros analizados,,En condiciones,CINDOR,2026-03-06,19271/710,2026-07-21,21/07/26  08,1 L
128317,GALLETAS INTEGRALES DE MIEL. AVENA Y PLÁTANO.,774903,Fuera de las condiciones reglamentarias,Res S/N/024 Reglamento Normativo de Productos RUNAEV. art. 1. el producto no presenta número de habilitación y registro en el rótulo y se encuentra en trámite en RUNAEV. Decr. 34/021 el producto no presenta octógonos de exceso de azúcares totales ni grasas totales,En condiciones,RENATA,2026-03-06,No posee registro,2026-11-30,4.1 316,150g
128318,Leche U.A.T semidescremada chocolatada 2.8 % grasas totales,774910,La muestra analizada no presenta particularidades desde el punto de vista quimico para los parametros analizados,,En condiciones,CONAPROLE,2026-03-06,1395/89,2026-08-06,260806U1 07:11,250 ml
128317,POLVORONES CON NUEZ,774905,La muestra analizada no presenta particularidades desde el punto de vista quimico para los parametros analizados,,En condiciones,LA TRIGUEÑA,2026-03-06,10969/601,26-07-21,L:32723 06:30,150g
128317,Galletitas dulces con gotas de baño de repostería.,774908,La muestra analizada no presenta particularidades desde el punto de vista quimico para los parametros analizados,,En condiciones,PUNTA BALLENA,2026-03-06,1645/721,2026-11-05,3  Ñ  95,200g
128318,LECHE ENTERA UHT CON DULCE DE LECHE -COLET-,774909,La muestra analizada no presenta particularidades desde el punto de vista quimico para los parametros analizados,Corresponde la extensión de la habilitación. por lo que se encuentra vigente hasta 28/4/26.,En condiciones,CONAPROLE,2026-03-06,1395/831,2026-08-05,260805U1,250 ml
128314,MERMELADA DE FRUTILLA REDUCIDA 47% EN CALORIAS LIBRE DE GLUTEN,774900,La muestra analizada no presenta particularidades desde el punto de vista quimico para los parametros analizados,,En condiciones,ARCOR,2026-02-27,1409/2942,2026-05-14,L 14/05/2026 045 09:58,390g
128314,PASTA DE PIÑA SIN ADICIÓN DE AZÚCARES LIBRE DE GLUTEN,774897,La muestra analizada no presenta particularidades desde el punto de vista quimico para los parametros analizados,,En condiciones,HELIOS,2026-02-27,11913/2879,2027-03-21,L 240321,280g
128314,Mermelada de frutilla reducida en calorias libre de gluten,774901,La muestra analizada no presenta particularidades desde el punto de vista quimico para los parametros analizados,,En condiciones,BC LA CAMPAGNOLA,2026-02-27,1409/7687,2026-07-11,L 11/07/2026 011 08:46,390g
128315,GALLETA MARINA SIN SAL ADICIONADA,774886,La muestra analizada no presenta particularidades desde el punto de vista quimico para los parametros analizados,,En condiciones,PORTEZUELO,2026-02-27,12/799,2026-05-04,EO41225,300 g
128316,YOGUR DESCREMADO BATIDO DESLACTOSADO SABOR DURAZNO SIN GLUTEN,774893,La muestra analizada no presenta particularidades desde el punto de vista quimico para los parametros analizados,Se detecta sórbico. por debajo de 300 ppm. se asigna a la pulpa de durazno declarada en los ingredientes,En condiciones,CLALDY,2026-02-27,2452/357,2026-03-25,J03F2,780 ml
128315,Galletas saladas con semillas,774888,La muestra analizada no presenta particularidades desde el punto de vista quimico para los parametros analizados,No corresponde el octógono de exceso de grasa. porque debe descontarse el aporte de grasa de las semillas utilizadas como ingredientes. Decr. 34/021,En condiciones,EL TRIGAL,2026-02-27,1435/58,2026-09-06,L5340G180H:10:27,183 g
128314,PASTA DE FRUTILLA LIBRE DE GLUTEN,774902,Fuera de las condiciones reglamentarias,Res. S/N/024 Reglamento Normativo de Productos RUNAEV. art. 1 y art. 9. el producto se encuentra vencido desde el 25/11/25,En condiciones,SCHWARTAU,2026-02-27,4463/1045,2027-01-16,L23225  01.51,340g
128316,Yogur  integral endulzado con puré de durazno  (Libre de gluten),774895,La muestra analizada no presenta particularidades desde el punto de vista quimico para los parametros analizados,,En condiciones,CONAPROLE,2026-02-27,1395/957,2026-03-19,260319Y2,500 g
128315,GALLETITAS CON CEREALES,774885,La muestra analizada no presenta particularidades desde el punto de vista quimico para los parametros analizados,,En condiciones,PASEO,2026-02-27,2877/146,2026-12-10,101225 (1),300 g
128316,Yogur endulzado con jugo de frutilla semidescremado 0% lactosa,774894,La muestra analizada no presenta particularidades desde el punto de vista quimico para los parametros analizados,,En condiciones,CONAPROLE,2026-02-27,1395/1259,2026-03-18,260318Y1,500 g
128315,GALLETA GRAMADA -MATERRIKAS-,774890,La muestra analizada no presenta particularidades desde el punto de vista quimico para los parametros analizados,,En condiciones,LA BANDERITA,2026-02-27,975/7,2026-07-06,26037,300 g
128316,Yogur integral batido con preparado de manzana sabor natural. libre de gluten.,774892,Fuera de las condiciones reglamentarias,La materia grasa del producto se encuentra por debajo del límite establecido en el Decr. 315/994. art. 16.3.10 para yogur integral,En condiciones,YOGURISIMO,2026-02-27,19271/1069,2026-03-20,039,460 g
128315,GALLETAS MALTEADAS,774887,La muestra analizada no presenta particularidades desde el punto de vista quimico para los parametros analizados,,En condiciones,PORTEZUELO,2026-02-27,12/1063,2026-10-24,L027 izq 18:34:28,500 g
128315,GALLETITAS SEMOLADAS,774889,La muestra analizada no presenta particularidades desde el punto de vista quimico para los parametros analizados,,En condiciones,PRECIO LÍDER,2026-02-27,4463/819,2026-08-28,L5331 12:29 schib2,320 g
128314,PASTA AZUCARADA DE DAMASCO,774898,La muestra analizada no presenta particularidades desde el punto de vista quimico para los parametros analizados,,En condiciones,BONNE MAMAN,2026-02-27,7795/303,2027-02-28,R055 A 22:08 L03,370g
128314,PASTA DE MANZANAS CON CANELA SIN GLUTEN,774899,La muestra analizada no presenta particularidades desde el punto de vista quimico para los parametros analizados,,En condiciones,ST. DALFOUR,2026-02-27,22160/1037,2028-10-07,255/25/00:50,284g
128316,Yogur batido parcialmente descremado reducido en calorías con preparado de frutos rojos adicionado con vitaminas E. A. D y ácido fólico libre de gluten.,774891,La muestra analizada no presenta particularidades desde el punto de vista quimico para los parametros analizados,,En condiciones,SER,2026-02-27,19271/1291,2026-03-11,030,460 g
128316,Yogur con crema. con preparado de manzana sabor leche libre de gluten,774896,Fuera de las condiciones reglamentarias,La materia grasa del producto se encuentra por debajo del límite establecido en el Decr. 315/994. art. 16.3.10 para yogur con crema,En condiciones,DANONE,2026-02-27,19271/845,2026-03-23,28/01/2026  E1,2 x 90 g
128311,DULCE DE BATATA.,774869,La muestra analizada no presenta particularidades desde el punto de vista quimico para los parametros analizados,,En condiciones,LOS NIETITOS,2026-02-20,7795/33,2026-06-12,T069 18:03 VF1219,400 g
128310,GALLETAS SIN SAL AGREGADA,774873,La muestra analizada no presenta particularidades desde el punto de vista quimico para los parametros analizados,No corresponde octógono de exceso de grasa ya que se declara 13 g grasas totales/100 g. comprendido dentro de los límites según Decr. 34/021,En condiciones,LA CELESTINA,2026-02-20,1435/292,2026-07-28,5300 09:17 8004,300 g
128313,BEBIDA LACTEA FERMENTADA SEMIDESCREMADA SABOR FRUTILLA.,774882,La muestra analizada no presenta particularidades desde el punto de vista quimico para los parametros analizados,,En condiciones,CLALDY,2026-02-20,No posee registro,2026-03-24,J02F01,1 L
128311,MERMELADA DE TOMATE,774871,La muestra analizada no presenta particularidades desde el punto de vista quimico para los parametros analizados,,En condiciones,LOS NIETITOS,2026-02-20,No posee registro,2026-06-18,14:32 R 14373,250 g
128313,Yogur Bebible Semidescremado. endulzado. con pulpa de durazno,774880,La muestra analizada no presenta particularidades desde el punto de vista quimico para los parametros analizados,,En condiciones,LA POSITIVA,2026-02-20,26236/51,2026-06-04,036,1 L
128311,Dulce de Guayaba,774867,La muestra analizada no presenta particularidades desde el punto de vista quimico para los parametros analizados,,En condiciones,DOÑA ELVIRA,2026-02-20,7795/462,2027-04-20,03,300 g
128311,Dulce de Zapallo,774868,La muestra analizada no presenta particularidades desde el punto de vista quimico para los parametros analizados,,En condiciones,RINCON DEL GIGANTE,2026-02-20,25227/13,2026-07-16,197.25,900 g
128310,GALLETITAS DE SALVADO,774878,La muestra analizada no presenta particularidades desde el punto de vista quimico para los parametros analizados,,En condiciones,FAMOSA,2026-02-20,6828/1120,2026-04-14,25223 07:13 C3 D8,310 g
128313,YOGURT BEBIBLE SABOR FRUTILLA. PARCIALMENTE DESCREMADO Y ENDULZADO,774881,Fuera de las condiciones reglamentarias,Res. S/N/024 Reglamento Normativo de Productos RUNAEV. art. 1 y art. 9. el registro se encuenttra vencido desde el 5/11/2019. La acidez se encuentra por debajo del límite establecido para yogur en Decr. 315/994. art. 16.3.5,En condiciones,MILKY,2026-02-20,2200/143,2026-03-03,4,1 L
128310,GALLETA MALTEADA,774876,La muestra analizada no presenta particularidades desde el punto de vista quimico para los parametros analizados,,En condiciones,LA TRIGUEÑA,2026-02-20,10969/21,2026-05-03,L:32473,500 g
128310,GALLETA SIN SAL,774875,La muestra analizada no presenta particularidades desde el punto de vista quimico para los parametros analizados,,En condiciones,LA TRIGUEÑA,2026-02-20,10969/251,2026-05-09,32547 08:48,500 g
128310,Galletas saladas con salvado y semillas de chía. lino. sésamo negro. sésamo blanco. girasol. mijo. amaranto y quinoa.,774877,La muestra analizada no presenta particularidades desde el punto de vista quimico para los parametros analizados,,En condiciones,MAESTRO CUBANO,2026-02-20,3074/2444,2026-06-13,13 08 25,375 g
128313,Yogur endulzado parcialmente descremado sabor frutilla. libre de gluten,774883,La muestra analizada no presenta particularidades desde el punto de vista quimico para los parametros analizados,,En condiciones,YOGURISIMO,2026-02-20,19271/719,2026-04-02,047,1 L
128311,MERMELADA DE MEMBRILLO,774870,La muestra analizada no presenta particularidades desde el punto de vista quimico para los parametros analizados,,En condiciones,LOS NIETITOS,2026-02-20,No posee registro,2026-07-02,T01 08:00 MR0895,650 g
128310,GALLETAS,774874,La muestra analizada no presenta particularidades desde el punto de vista quimico para los parametros analizados,NO corresponde octógono de exceso de grasas (declara 12.6 g grasas totales/100 g) ni de grasas saturadas (declara 6 g grasas saturadas/100 g). comprendido dentro de los límites según Decr. 34/021,En condiciones,LA CELESTINA,2026-02-20,1435/291,2026-07-04,L5276 08:37 8004,315g
128311,Mermelada orgánica de Frutos del Bosque,774872,La muestra analizada no presenta particularidades desde el punto de vista quimico para los parametros analizados,,En condiciones,CAMPO CLARO,2026-02-20,8345/1349,2027-10-29,291024,270 g
128313,YOGUR PARCIALMENTE DESCREMADO ENDULZADO SABOR NATURAL,774879,La muestra analizada no presenta particularidades desde el punto de vista quimico para los parametros analizados,,En condiciones,CALCAR,2026-02-20,18357/15,2026-03-26,02,1 L
128313,Yogur bebible semidescremado endulzado sabor natural,774884,La muestra analizada no presenta particularidades desde el punto de vista quimico para los parametros analizados,,En condiciones,LA TIROLESA,2026-02-20,24661/38,2026-04-10,040,1 L
128308,DULCE DE MEMBRILLO,774860,La muestra analizada no presenta particularidades desde el punto de vista quimico para los parametros analizados,,En condiciones,GRANJA LIMAY,2026-02-12,9075/65,2026-10-08,R1 10018,500 g
128309,GALLETA MARINA,774863,La muestra analizada no presenta particularidades desde el punto de vista quimico para los parametros analizados,,En condiciones,VALLE DEL SOL,2026-02-12,3106/852,2026-04-26,MFG261125,220 g
128308,DULCE DE GUAYABA. LIbre de gluten,774859,La muestra analizada no presenta particularidades desde el punto de vista quimico para los parametros analizados,,En condiciones,PREDILECTA,2026-02-12,12266/155,2026-12-31,282,300 g
128309,GALLETITA SALADA,774862,Observado,El producto supera levemente el límite de humedad permitida según Decreto 368/014. pero aún conserva sus características organolépticas,En condiciones,ZEZE,2026-02-12,18211/1031,2026-04-17,LOT17/10/25,220 g
128309,GALLETITAS CRACKER -DISMAY-,774861,La muestra analizada no presenta particularidades desde el punto de vista quimico para los parametros analizados,,En condiciones,SIN MARCA,2026-02-12,No posee registro,2026-10-31,L10/03,100 g
128309,GALLETA SALADA,774865,La muestra analizada no presenta particularidades desde el punto de vista quimico para los parametros analizados,,En condiciones,BROKITAS,2026-02-12,5429/1729,2026-07-22,LOT221025,350 g
128309,Galletitas saladas,774866,Fuera de las condiciones reglamentarias,"Res S/N/024 Reglamento Normativo de Productos RUNAEV. art. 1. El Nº de habilitación correcto es el 4599/00/18211/2616 y no el que figura en el rótulo 4599/00/2616. Decreto 117/006 art. 3.1.a en el rótulo figuran 2 importadores diferentes. la denominación del producto no es correcta (debería ser ""galletitas saladas"" como fue registrado). MERCOSUR/GMC/Res. Nº 46/03. Anexo Reglamento Técnico MERCOSUR sobre rotulado nutricional de alimentos envasados. art. 3.5.1. la tabla nutricional presenta diferencias de más del 20% de lo declarado",En condiciones,MARILAN,2026-02-12,18211/2616,2026-07-08,L0725(M),350 g
128308,MERMELADA DE HIGO. SIN GLUTEN,774857,La muestra analizada no presenta particularidades desde el punto de vista quimico para los parametros analizados,,En condiciones,VALLE DEL SOL,2026-02-12,3106/803,2026-04-28,R1 04055,500 g
128308,MERMELADA DE DURAZNO. SIN GLUTEN,774858,La muestra analizada no presenta particularidades desde el punto de vista quimico para los parametros analizados,,En condiciones,VALLE DEL SOL,2026-02-12,3106/801,2026-09-19,R1 09044,500 g
128308,MERMELADA DE ARÁNDANO,774856,La muestra analizada no presenta particularidades desde el punto de vista quimico para los parametros analizados,,En condiciones,RINCON DEL GIGANTE,2026-02-12,25227/29,2026-11-20,324.5,250g
128309,Galleta salada,774864,Fuera de las condiciones reglamentarias,Res S/N/024 Reglamento Normativo de Productos RUNAEV. art. 1. El Nº de habilitación que presenta el rótulo del producto no se encuentra en el sistema (9548/373). por el contrario. el Nº que debería estar impreso en el producto es 19548/373.,En condiciones,NINFA,2026-02-12,19548/373,2026-09-18,LOT181225 20:34,175 g
128308,Mermelada de Zapallo,774855,La muestra analizada no presenta particularidades desde el punto de vista quimico para los parametros analizados,,En condiciones,RINCON DEL GIGANTE,2026-02-12,25227/12,2026-07-25,206.5,250g
128306,GALLETITAS SALADAS,774843,La muestra analizada no presenta particularidades desde el punto de vista quimico para los parametros analizados,,En condiciones,MAZZEI,2026-02-06,22655/84,2026-03-24,24/03/25 21:20,110 g
128307,YOGUR BATIDO ENDULZADO CON PULPA DE DURAZNO SEMIDESCREMADO,774849,La muestra analizada no presenta particularidades desde el punto de vista quimico para los parametros analizados,Registro vigente en RUNAEV hasta 1/12/28 11780/2/13/798-34,En condiciones,LA MAGNOLIA,2026-02-06,8540/34,2026-02-20,2,1 L
128306,GALLETITAS   SALADAS CON SALVADO Y SEMILLAS DE SÉSAMO,774844,La muestra analizada no presenta particularidades desde el punto de vista quimico para los parametros analizados,,En condiciones,MAZZEI,2026-02-06,22655/92,2026-06-21,21/06/25,155 g
128306,GALLETA MALTEADA CON HIERBAS,774846,La muestra analizada no presenta particularidades desde el punto de vista quimico para los parametros analizados,,En condiciones,PRIMIA,2026-02-06,15570/38,2026-02-17,MFG 170925,220 G
128306,GALLETITAS  SALADAS CON SALVADO Y SEMILLAS DE CHÍA,774847,La muestra analizada no presenta particularidades desde el punto de vista quimico para los parametros analizados,,En condiciones,MAZZEI,2026-02-06,22655/87,2026-03-19,19/03/25 16:52,155 G
128307,YOGUR BATIDO ENDULZADO CON PULPA DE FRUTILLA SEMIDESCREMADO,774853,La muestra analizada no presenta particularidades desde el punto de vista quimico para los parametros analizados,Registro vigente en RUNAEV hasta 1/12/28 11780/2/13/798-33,En condiciones,LA MAGNOLIA,2026-02-06,8540/33,2026-03-07,5,1 L
128307,YOGURT BEBIBLE ENDULZADO SEMIDESCREMADO SABOR DURAZNO,774852,Observado,La acidez se encuentra levemente por debajo del mínimo establecido en Decr. 315/994 art. 16.3.5. Registro vigente en RUNAEV hasta 12/10/28 11780/2/13/798-13,En condiciones,LA MAGNOLIA,2026-02-06,8540/13,2026-03-07,6,1 L
128307,YOGUR BATIDO ENDULZADO SABOR VAINILLA SEMIDESCREMADO,774850,La muestra analizada no presenta particularidades desde el punto de vista quimico para los parametros analizados,Registro vigente en RUNAEV hasta 1/12/28 11780/2/13/798-36,En condiciones,LA MAGNOLIA,2026-02-06,8540/36,2026-03-07,1,1 L
128307,YOGUR BATIDO ENDULZADO NATURAL SEMIDESCREMADO,774851,La muestra analizada no presenta particularidades desde el punto de vista quimico para los parametros analizados,Registro vigente en RUNAEV hasta 1/12/28 11780/2/13/798-35,En condiciones,LA MAGNOLIA,2026-02-06,8540/35,2026-03-07,4,1 L
128306,GALLETITAS SALADAS CON SALVADO Y SEMILLAS DE CHIA. LINO. SÉSAMO. SÉSAMO NEGRO. GIRASOL. MIJO. AMARANTO Y QUINOA,774848,La muestra analizada no presenta particularidades desde el punto de vista quimico para los parametros analizados,,En condiciones,MAZZEI,2026-02-06,22655/93,2026-03-19,19/03/25 22:16,155 g
128307,YOGURT BEBIBLE ENDULZADO SEMIDESCREMADO SABOR A FRUTILLA,774854,Fuera de las condiciones reglamentarias,La acidez se encuentra por debajo del mínimo establecido en Decr. 315/994. art. 16.3.5 para yogures. Registro vigente en RUNAEV hasta 12/10/28 11780/2/13/798-12,En condiciones,LA MAGNOLIA,2026-02-06,8540/12,2026-03-13,2,1 L
128306,GALLETITAS SALADAS CON SALVADO Y SEMILLAS DE CHIA. SÉSAMO NEGRO. LINO. SÉSAMO. GIRASOL. MIJO. AMARANTO Y QUINOA,774845,La muestra analizada no presenta particularidades desde el punto de vista quimico para los parametros analizados,,En condiciones,MAZZEI,2026-02-06,22655/151,2026-03-16,160326 00:22,180 G
128305,CREMA HELADA DE DULCE DE LECHE CON TROZOS DE CHOCOLATE CON YEMA DE HUEVO,774840,La muestra analizada no presenta particularidades desde el punto de vista quimico para los parametros analizados,,En condiciones,LA CIGALE,2026-02-02,2440/82,2026-12-23,5337  11:01,580 g
128305,Crema helada sabor queso mascarpone veteada con preparado con maracuyá,774838,La muestra analizada no presenta particularidades desde el punto de vista quimico para los parametros analizados,,En condiciones,CRUFI,2026-02-02,1712/458,2027-12-31,C05338 F 13:44,1000 g
128305,HELADO CREMA MIXTO DE FRUTILLA Y SABOR VAINILLA 0% LACTOSA,774837,La muestra analizada no presenta particularidades desde el punto de vista quimico para los parametros analizados,,En condiciones,CONAPROLE,2026-02-02,No posee registro,2027-09-25,270925 P 16:01,525 g
128305,CREMA HELADA SABOR VAINILLA,774842,La muestra analizada no presenta particularidades desde el punto de vista quimico para los parametros analizados,,En condiciones,PRECIO LÍDER,2026-02-02,No posee registro,2027-04-30,270430 P 11:38,1 Kg
128305,Crema helada sabor limón veteado con variegato sabor lemon pie.,774841,La muestra analizada no presenta particularidades desde el punto de vista quimico para los parametros analizados,,En condiciones,CRUFI,2026-02-02,1712/177,2027-11-30,C05331,300 g
128305,HELADO CREMA SABOR VAINILLA. SABOR FRUTILLA Y DE CHOCOLATE,774839,La muestra analizada no presenta particularidades desde el punto de vista quimico para los parametros analizados,,En condiciones,PRECIO LÍDER,2026-02-02,No posee registro,2027-05-05,270505 P 20:55,1 Kg
128304,HELADO DE CHOCOLATE SEMIAMARGO VETEADO CON CHOCOLATE,774833,Fuera de las condiciones reglamentarias,El producto no cumple con lo dispuesto en el Decr. 315/994. art. 28.3.1 no especifica en la rotulación qué tipo de helado es,En condiciones,EL FARO,2026-01-23,No posee registro,2027-07-23,23 07 2027ML,325 g
128304,crema helada de pistachos,774834,Fuera de las condiciones reglamentarias,"El producto no cumple con lo dispuesto en el Decr. 315/994. art. 28.3.1 no especifica en la rotulación qué tipo de helado es y difiere de la rotulación habilitada cuto rótulo declara ""crema helada de pistachos"".",En condiciones,EL FARO,2026-01-23,25020/81,2027-11-10,10/11/2027M4M2,325 g
128304,CREMA HELADA DE VAINILLA CON YEMA DE HUEVO,774832,La muestra analizada no presenta particularidades desde el punto de vista quimico para los parametros analizados,,En condiciones,LA CIGALE,2026-01-23,2440/86,2026-11-24,5328  16:20,580 g
128304,HELADO DE CREMA SABOR FRUTILLA Y FRAMBUESA,774831,Fuera de las condiciones reglamentarias,El producto no cumple con lo dispuesto en el Decr. 315/994. art 28.3.4. dado que los sólidos totales y la grasa láctea no alcanza los valores mínimos,En condiciones,FINI,2026-01-23,No posee registro,2027-10-31,JR5314,50 g
128304,HELADO DE LECHE SABOR CHOCOLATE CON BAÑO DE REPOSTERÍA CON LECHE CON MANÍ.,774835,La muestra analizada no presenta particularidades desde el punto de vista quimico para los parametros analizados,,En condiciones,COFLER BLOCK,2026-01-23,1409/8221,2027-03-09,09/03/2027,250 g
128304,Helado de leche de maní con relleno a base de maní y chocolate con leche,774836,La muestra analizada no presenta particularidades desde el punto de vista quimico para los parametros analizados,,En condiciones,BON O BON,2026-01-23,1409/6052,2027-10-30,30/10/2027N,250 g
128303,HELADO CREMA -TRIPLE- SABOR FRUTILLA. SABOR VAINILLA Y DE CHOCOLATE,774825,La muestra analizada no presenta particularidades desde el punto de vista quimico para los parametros analizados,,En condiciones,CONAPROLE,2026-01-16,1395/241,2027-02-25,270225,250 ml
128303,CREMA HELADA DE CHOCOLATECON DULCE DE LECHE,774828,La muestra analizada no presenta particularidades desde el punto de vista quimico para los parametros analizados,Este informe sustituye al emitido con fecha 4 de febrero del 2026.,En condiciones,LEKKER,2026-01-16,No posee registro,2027-09-08,2025 09 08,450 g
128303,Helado de leche sabor Frutilla,774829,La muestra analizada no presenta particularidades desde el punto de vista quimico para los parametros analizados,,En condiciones,TA-TA,2026-01-16,18138/71,2027-04-30,M05101 F13:29,500 g
128303,Crema helada sabor frutilla con pulpa de frutilla,774827,La muestra analizada no presenta particularidades desde el punto de vista quimico para los parametros analizados,Este informe sustituye al emitido con fecha 4 de febrero del 2026.,En condiciones,LEKKER,2026-01-16,23957/503,2026-02-27,20240227,110 g
128303,Helado de leche sabor dulce de leche con baño símil chocolate,774830,La muestra analizada no presenta particularidades desde el punto de vista quimico para los parametros analizados,,En condiciones,TA-TA,2026-01-16,1712/426,2027-10-31,C05318 PK12:45*,200 g
128303,Helado crema con puré de frutilla y puré de durazno,774826,La muestra analizada no presenta particularidades desde el punto de vista quimico para los parametros analizados,Este informe sustituye al emitido con fecha 4 de febrero del 2026.,En condiciones,CONAPROLE,2026-01-16,1395/699,2027-02-03,270203,125 g
